policy,investment_mean,damage_mean,deaths_mean,deaths_mean_norm,investment_mean_norm,damage_mean_norm,composite_score
policy_202,329760707.8554591,46887172.282583356,0.004455716340079672,0.00132569251805564,0.07956330584564525,0.02790721541964868,0.10879621378334957
policy_222,356877632.0302915,29835182.353404373,0.02603990883866724,0.03128073474335134,0.09737662829666406,0.012649870744360749,0.14130723378437615
policy_230,351583011.6558966,45064648.56448474,0.030886248641533755,0.03800659735982391,0.09389855020134805,0.026276504126632055,0.158181651687804
policy_32,389964419.0651783,58014491.78484586,0.0065766583088345525,0.004269184901919977,0.11911160098459318,0.037863434586044034,0.1612442204725572
policy_202,329760707.8554591,46887172.282583356,0.004455716340079672,0.00132569251805564,0.07956330584564525,0.02790721541964868,0.10879621378334957
