A.0_ID flood wave shape,A.1_Bmax,A.1_Brate,A.1_pfail,A.2_Bmax,A.2_Brate,A.2_pfail,A.3_Bmax,A.3_Brate,A.3_pfail,A.4_Bmax,A.4_Brate,A.4_pfail,A.5_Bmax,A.5_Brate,A.5_pfail,discount rate 0,discount rate 1,discount rate 2,0_RfR 0,0_RfR 1,0_RfR 2,1_RfR 0,1_RfR 1,1_RfR 2,2_RfR 0,2_RfR 1,2_RfR 2,3_RfR 0,3_RfR 1,3_RfR 2,4_RfR 0,4_RfR 1,4_RfR 2,EWS_DaysToThreat,A.1_DikeIncrease 0,A.1_DikeIncrease 1,A.1_DikeIncrease 2,A.2_DikeIncrease 0,A.2_DikeIncrease 1,A.2_DikeIncrease 2,A.3_DikeIncrease 0,A.3_DikeIncrease 1,A.3_DikeIncrease 2,A.4_DikeIncrease 0,A.4_DikeIncrease 1,A.4_DikeIncrease 2,A.5_DikeIncrease 0,A.5_DikeIncrease 1,A.5_DikeIncrease 2,scenario,Expected Annual Damage,Total Investment Costs,Expected Number of Deaths
100,90.89633583088734,1.0,0.2898662685786591,100.41909910533124,10.0,0.207468177222783,271.6285814236504,1.0,0.0611213170257419,159.43161195122826,1.0,0.0544594280159535,318.38674203031405,1.0,0.2036869603838972,1.5,1.5,1.5,0,0,0,0,0,0,0,0,0,0,0,0,0,0,0,0,0,0,0,0,0,0,0,0,0,0,0,0,0,0,0,21455,6745623873.083542,0.0,5.29484965531935
126,187.42001009797863,10.0,0.3156493944262047,43.62292938225177,1.0,0.0270663910853067,57.687802643707336,1.5,0.0797336403980334,265.5229817672606,10.0,0.8041325211379915,150.54076823955307,1.0,0.005210366590411,3.5,3.5,1.5,0,0,0,0,0,0,0,0,0,0,0,0,0,0,0,0,0,0,0,0,0,0,0,0,0,0,0,0,0,0,0,21495,6156464693.12126,0.0,6.113167925371967
79,63.688162088690746,10.0,0.9087375326994936,170.092206100523,1.0,0.8770645612360947,246.9391559135065,10.0,0.9610880917408118,122.07948251080512,1.0,0.8307275911615727,299.7239242773064,1.0,0.9392250306940858,4.5,4.5,1.5,0,0,0,0,0,0,0,0,0,0,0,0,0,0,0,0,0,0,0,0,0,0,0,0,0,0,0,0,0,0,0,20854,18417663.57882402,0.0,0.0265752759887987
11,189.9067341761721,1.5,0.7635641063388702,186.5128541578563,10.0,0.8766660218997984,89.00330924872837,1.5,0.9985552058553996,186.5379596773413,10.0,0.5884004556761911,348.78756621543795,1.5,0.9349057455926276,2.5,2.5,3.5,0,0,0,0,0,0,0,0,0,0,0,0,0,0,0,0,0,0,0,0,0,0,0,0,0,0,0,0,0,0,0,4466,21330220.60154759,0.0,0.0171945453704392
