A.0_ID flood wave shape,A.1_Bmax,A.1_Brate,A.1_pfail,A.2_Bmax,A.2_Brate,A.2_pfail,A.3_Bmax,A.3_Brate,A.3_pfail,A.4_Bmax,A.4_Brate,A.4_pfail,A.5_Bmax,A.5_Brate,A.5_pfail,discount rate 0,discount rate 1,discount rate 2,0_RfR 0,0_RfR 1,0_RfR 2,1_RfR 0,1_RfR 1,1_RfR 2,2_RfR 0,2_RfR 1,2_RfR 2,3_RfR 0,3_RfR 1,3_RfR 2,4_RfR 0,4_RfR 1,4_RfR 2,EWS_DaysToThreat,A.1_DikeIncrease 0,A.1_DikeIncrease 1,A.1_DikeIncrease 2,A.2_DikeIncrease 0,A.2_DikeIncrease 1,A.2_DikeIncrease 2,A.3_DikeIncrease 0,A.3_DikeIncrease 1,A.3_DikeIncrease 2,A.4_DikeIncrease 0,A.4_DikeIncrease 1,A.4_DikeIncrease 2,A.5_DikeIncrease 0,A.5_DikeIncrease 1,A.5_DikeIncrease 2,run_id,Expected Annual Damage,Total Investment Costs,Expected Number of Deaths
75,126.27080129673232,1.0,0.0994928056834555,347.26580956936635,1.0,0.8522313182121075,116.2845409748071,1.0,0.7628160224665633,79.75683723375494,1.5,0.6617898791173478,92.9889464861346,1.5,0.3290870190260455,4.5,4.5,3.5,0,0,0,0,0,0,0,0,0,0,0,0,0,0,0,0,0,0,0,0,0,0,0,0,0,0,0,0,0,0,0,512,2068647091.1185048,0.0,1.8720080641699013
123,78.01711807617868,10.0,0.9847483634680032,195.5036852040501,10.0,0.2159772688234156,245.2692535632292,1.0,0.5550068953715644,316.85419731009074,10.0,0.7080421628830496,212.8581219787521,10.0,0.6293790332449186,2.5,2.5,2.5,0,0,0,0,0,0,0,0,0,0,0,0,0,0,0,0,0,0,0,0,0,0,0,0,0,0,0,0,0,0,0,569,416864925.1909391,0.0,0.365184089659505
85,55.31292741587192,10.0,0.208732756839525,129.71522948133298,10.0,0.9484084569473747,69.26623870739667,1.0,0.3063565078457261,129.91812748400412,10.0,0.7725193467419321,302.0415239390815,1.5,0.4020884736417469,1.5,1.5,3.5,0,0,0,0,0,0,0,0,0,0,0,0,0,0,0,0,0,0,0,0,0,0,0,0,0,0,0,0,0,0,0,443,3702513479.5755153,0.0,2.4199246215888204
46,287.39752057425665,1.0,0.6677167997181488,91.03737323782626,10.0,0.7888986999497353,315.4539202746547,10.0,0.3724744796881677,250.7972614308593,1.0,0.3412207929676317,252.16904339780888,1.5,0.9050295760456376,2.5,2.5,3.5,0,0,0,0,0,0,0,0,0,0,0,0,0,0,0,0,0,0,0,0,0,0,0,0,0,0,0,0,0,0,0,427,449006176.929019,0.0,0.7107243871231216
